KEY,FREQ,CURRENCY,CURRENCY_DENOM,EXR_TYPE,EXR_SUFFIX,TIME_PERIOD,OBS_VALUE,OBS_STATUS,OBS_CONF,OBS_PRE_BREAK,OBS_COM,TIME_FORMAT,BREAKS,COLLECTION,COMPILING_ORG,DISS_ORG,DOM_SER_IDS,PUBL_ECB,PUBL_MU,PUBL_PUBLIC,UNIT_INDEX_BASE,COMPILATION,COVERAGE,DECIMALS,NAT_TITLE,SOURCE_AGENCY,SOURCE_PUB,TITLE,TITLE_COMPL,UNIT,UNIT_MULT
EXR.D.SEK.EUR.SP00.A,D,SEK,EUR,SP00,A,2022-01-03,10.2958,A,F,,,P1D,,A,,,,,,,,,,4,,4F0,,Swedish krona/Euro,"ECB reference exchange rate, Swedish krona/Euro, 2:15 pm (C.E.T.)",SEK,0
EXR.D.SEK.EUR.SP00.A,D,SEK,EUR,SP00,A,2022-01-04,10.2808,A,F,,,P1D,,A,,,,,,,,,,4,,4F0,,Swedish krona/Euro,"ECB reference exchange rate, Swedish krona/Euro, 2:15 pm (C.E.T.)",SEK,0
EXR.D.SEK.EUR.SP00.A,D,SEK,EUR,SP00,A,2022-01-05,10.2545,A,F,,,P1D,,A,,,,,,,,,,4,,4F0,,Swedish krona/Euro,"ECB reference exchange rate, Swedish krona/Euro, 2:15 pm (C.E.T.)",SEK,0
EXR.D.SEK.EUR.SP00.A,D,SEK,EUR,SP00,A,2022-01-06,10.3265,A,F,,,P1D,,A,,,,,,,,,,4,,4F0,,Swedish krona/Euro,"ECB reference exchange rate, Swedish krona/Euro, 2:15 pm (C.E.T.)",SEK,0
EXR.D.SEK.EUR.SP00.A,D,SEK,EUR,SP00,A,2022-01-07,10.2839,A,F,,,P1D,,A,,,,,,,,,,4,,4F0,,Swedish krona/Euro,"ECB reference exchange rate, Swedish krona/Euro, 2:15 pm (C.E.T.)",SEK,0
EXR.D.SEK.EUR.SP00.A,D,SEK,EUR,SP00,A,2022-01-10,10.3038,A,F,,,P1D,,A,,,,,,,,,,4,,4F0,,Swedish krona/Euro,"ECB reference exchange rate, Swedish krona/Euro, 2:15 pm (C.E.T.)",SEK,0
EXR.D.SEK.EUR.SP00.A,D,SEK,EUR,SP00,A,2022-01-11,10.3075,A,F,,,P1D,,A,,,,,,,,,,4,,4F0,,Swedish krona/Euro,"ECB reference exchange rate, Swedish krona/Euro, 2:15 pm (C.E.T.)",SEK,0
EXR.D.SEK.EUR.SP00.A,D,SEK,EUR,SP00,A,2022-01-12,10.264,A,F,,,P1D,,A,,,,,,,,,,4,,4F0,,Swedish krona/Euro,"ECB reference exchange rate, Swedish krona/Euro, 2:15 pm (C.E.T.)",SEK,0
EXR.D.SEK.EUR.SP00.A,D,SEK,EUR,SP00,A,2022-01-13,10.238,A,F,,,P1D,,A,,,,,,,,,,4,,4F0,,Swedish krona/Euro,"ECB reference exchange rate, Swedish krona/Euro, 2:15 pm (C.E.T.)",SEK,0
EXR.D.SEK.EUR.SP00.A,D,SEK,EUR,SP00,A,2022-01-14,10.2684,A,F,,,P1D,,A,,,,,,,,,,4,,4F0,,Swedish krona/Euro,"ECB reference exchange rate, Swedish krona/Euro, 2:15 pm (C.E.T.)",SEK,0
EXR.D.SEK.EUR.SP00.A,D,SEK,EUR,SP00,A,2022-01-17,10.305,A,F,,,P1D,,A,,,,,,,,,,4,,4F0,,Swedish krona/Euro,"ECB reference exchange rate, Swedish krona/Euro, 2:15 pm (C.E.T.)",SEK,0
EXR.D.SEK.EUR.SP00.A,D,SEK,EUR,SP00,A,2022-01-18,10.3185,A,F,,,P1D,,A,,,,,,,,,,4,,4F0,,Swedish krona/Euro,"ECB reference exchange rate, Swedish krona/Euro, 2:15 pm (C.E.T.)",SEK,0
EXR.D.SEK.EUR.SP00.A,D,SEK,EUR,SP00,A,2022-01-19,10.3428,A,F,,,P1D,,A,,,,,,,,,,4,,4F0,,Swedish krona/Euro,"ECB reference exchange rate, Swedish krona/Euro, 2:15 pm (C.E.T.)",SEK,0
EXR.D.SEK.EUR.SP00.A,D,SEK,EUR,SP00,A,2022-01-20,10.3708,A,F,,,P1D,,A,,,,,,,,,,4,,4F0,,Swedish krona/Euro,"ECB reference exchange rate, Swedish krona/Euro, 2:15 pm (C.E.T.)",SEK,0
EXR.D.SEK.EUR.SP00.A,D,SEK,EUR,SP00,A,2022-01-21,10.414,A,F,,,P1D,,A,,,,,,,,,,4,,4F0,,Swedish krona/Euro,"ECB reference exchange rate, Swedish krona/Euro, 2:15 pm (C.E.T.)",SEK,0
EXR.D.SEK.EUR.SP00.A,D,SEK,EUR,SP00,A,2022-01-24,10.5038,A,F,,,P1D,,A,,,,,,,,,,4,,4F0,,Swedish krona/Euro,"ECB reference exchange rate, Swedish krona/Euro, 2:15 pm (C.E.T.)",SEK,0
EXR.D.SEK.EUR.SP00.A,D,SEK,EUR,SP00,A,2022-01-25,10.502,A,F,,,P1D,,A,,,,,,,,,,4,,4F0,,Swedish krona/Euro,"ECB reference exchange rate, Swedish krona/Euro, 2:15 pm (C.E.T.)",SEK,0
EXR.D.SEK.EUR.SP00.A,D,SEK,EUR,SP00,A,2022-01-26,10.4493,A,F,,,P1D,,A,,,,,,,,,,4,,4F0,,Swedish krona/Euro,"ECB reference exchange rate, Swedish krona/Euro, 2:15 pm (C.E.T.)",SEK,0
EXR.D.SEK.EUR.SP00.A,D,SEK,EUR,SP00,A,2022-01-27,10.445,A,F,,,P1D,,A,,,,,,,,,,4,,4F0,,Swedish krona/Euro,"ECB reference exchange rate, Swedish krona/Euro, 2:15 pm (C.E.T.)",SEK,0
EXR.D.SEK.EUR.SP00.A,D,SEK,EUR,SP00,A,2022-01-28,10.552,A,F,,,P1D,,A,,,,,,,,,,4,,4F0,,Swedish krona/Euro,"ECB reference exchange rate, Swedish krona/Euro, 2:15 pm (C.E.T.)",SEK,0
EXR.D.SEK.EUR.SP00.A,D,SEK,EUR,SP00,A,2022-01-31,10.489,A,F,,,P1D,,A,,,,,,,,,,4,,4F0,,Swedish krona/Euro,"ECB reference exchange rate, Swedish krona/Euro, 2:15 pm (C.E.T.)",SEK,0
EXR.D.SEK.EUR.SP00.A,D,SEK,EUR,SP00,A,2022-02-01,10.4438,A,F,,,P1D,,A,,,,,,,,,,4,,4F0,,Swedish krona/Euro,"ECB reference exchange rate, Swedish krona/Euro, 2:15 pm (C.E.T.)",SEK,0
EXR.D.SEK.EUR.SP00.A,D,SEK,EUR,SP00,A,2022-02-02,10.385,A,F,,,P1D,,A,,,,,,,,,,4,,4F0,,Swedish krona/Euro,"ECB reference exchange rate, Swedish krona/Euro, 2:15 pm (C.E.T.)",SEK,0
EXR.D.SEK.EUR.SP00.A,D,SEK,EUR,SP00,A,2022-02-03,10.387,A,F,,,P1D,,A,,,,,,,,,,4,,4F0,,Swedish krona/Euro,"ECB reference exchange rate, Swedish krona/Euro, 2:15 pm (C.E.T.)",SEK,0
EXR.D.SEK.EUR.SP00.A,D,SEK,EUR,SP00,A,2022-02-04,10.4465,A,F,,,P1D,,A,,,,,,,,,,4,,4F0,,Swedish krona/Euro,"ECB reference exchange rate, Swedish krona/Euro, 2:15 pm (C.E.T.)",SEK,0
EXR.D.SEK.EUR.SP00.A,D,SEK,EUR,SP00,A,2022-02-07,10.4483,A,F,,,P1D,,A,,,,,,,,,,4,,4F0,,Swedish krona/Euro,"ECB reference exchange rate, Swedish krona/Euro, 2:15 pm (C.E.T.)",SEK,0
EXR.D.SEK.EUR.SP00.A,D,SEK,EUR,SP00,A,2022-02-08,10.4433,A,F,,,P1D,,A,,,,,,,,,,4,,4F0,,Swedish krona/Euro,"ECB reference exchange rate, Swedish krona/Euro, 2:15 pm (C.E.T.)",SEK,0
EXR.D.SEK.EUR.SP00.A,D,SEK,EUR,SP00,A,2022-02-09,10.4075,A,F,,,P1D,,A,,,,,,,,,,4,,4F0,,Swedish krona/Euro,"ECB reference exchange rate, Swedish krona/Euro, 2:15 pm (C.E.T.)",SEK,0
EXR.D.SEK.EUR.SP00.A,D,SEK,EUR,SP00,A,2022-02-10,10.5275,A,F,,,P1D,,A,,,,,,,,,,4,,4F0,,Swedish krona/Euro,"ECB reference exchange rate, Swedish krona/Euro, 2:15 pm (C.E.T.)",SEK,0
EXR.D.SEK.EUR.SP00.A,D,SEK,EUR,SP00,A,2022-02-11,10.553,A,F,,,P1D,,A,,,,,,,,,,4,,4F0,,Swedish krona/Euro,"ECB reference exchange rate, Swedish krona/Euro, 2:15 pm (C.E.T.)",SEK,0
EXR.D.SEK.EUR.SP00.A,D,SEK,EUR,SP00,A,2022-02-14,10.6158,A,F,,,P1D,,A,,,,,,,,,,4,,4F0,,Swedish krona/Euro,"ECB reference exchange rate, Swedish krona/Euro, 2:15 pm (C.E.T.)",SEK,0
EXR.D.SEK.EUR.SP00.A,D,SEK,EUR,SP00,A,2022-02-15,10.5739,A,F,,,P1D,,A,,,,,,,,,,4,,4F0,,Swedish krona/Euro,"ECB reference exchange rate, Swedish krona/Euro, 2:15 pm (C.E.T.)",SEK,0
EXR.D.SEK.EUR.SP00.A,D,SEK,EUR,SP00,A,2022-02-16,10.5363,A,F,,,P1D,,A,,,,,,,,,,4,,4F0,,Swedish krona/Euro,"ECB reference exchange rate, Swedish krona/Euro, 2:15 pm (C.E.T.)",SEK,0
EXR.D.SEK.EUR.SP00.A,D,SEK,EUR,SP00,A,2022-02-17,10.593,A,F,,,P1D,,A,,,,,,,,,,4,,4F0,,Swedish krona/Euro,"ECB reference exchange rate, Swedish krona/Euro, 2:15 pm (C.E.T.)",SEK,0
EXR.D.SEK.EUR.SP00.A,D,SEK,EUR,SP00,A,2022-02-18,10.5796,A,F,,,P1D,,A,,,,,,,,,,4,,4F0,,Swedish krona/Euro,"ECB reference exchange rate, Swedish krona/Euro, 2:15 pm (C.E.T.)",SEK,0
EXR.D.SEK.EUR.SP00.A,D,SEK,EUR,SP00,A,2022-02-21,10.6535,A,F,,,P1D,,A,,,,,,,,,,4,,4F0,,Swedish krona/Euro,"ECB reference exchange rate, Swedish krona/Euro, 2:15 pm (C.E.T.)",SEK,0
EXR.D.SEK.EUR.SP00.A,D,SEK,EUR,SP00,A,2022-02-22,10.5996,A,F,,,P1D,,A,,,,,,,,,,4,,4F0,,Swedish krona/Euro,"ECB reference exchange rate, Swedish krona/Euro, 2:15 pm (C.E.T.)",SEK,0
EXR.D.SEK.EUR.SP00.A,D,SEK,EUR,SP00,A,2022-02-23,10.5658,A,F,,,P1D,,A,,,,,,,,,,4,,4F0,,Swedish krona/Euro,"ECB reference exchange rate, Swedish krona/Euro, 2:15 pm (C.E.T.)",SEK,0
EXR.D.SEK.EUR.SP00.A,D,SEK,EUR,SP00,A,2022-02-24,10.7338,A,F,,,P1D,,A,,,,,,,,,,4,,4F0,,Swedish krona/Euro,"ECB reference exchange rate, Swedish krona/Euro, 2:15 pm (C.E.T.)",SEK,0
EXR.D.SEK.EUR.SP00.A,D,SEK,EUR,SP00,A,2022-02-25,10.5848,A,F,,,P1D,,A,,,,,,,,,,4,,4F0,,Swedish krona/Euro,"ECB reference exchange rate, Swedish krona/Euro, 2:15 pm (C.E.T.)",SEK,0
EXR.D.SEK.EUR.SP00.A,D,SEK,EUR,SP00,A,2022-02-28,10.6055,A,F,,,P1D,,A,,,,,,,,,,4,,4F0,,Swedish krona/Euro,"ECB reference exchange rate, Swedish krona/Euro, 2:15 pm (C.E.T.)",SEK,0
EXR.D.SEK.EUR.SP00.A,D,SEK,EUR,SP00,A,2022-03-01,10.6893,A,F,,,P1D,,A,,,,,,,,,,4,,4F0,,Swedish krona/Euro,"ECB reference exchange rate, Swedish krona/Euro, 2:15 pm (C.E.T.)",SEK,0
EXR.D.SEK.EUR.SP00.A,D,SEK,EUR,SP00,A,2022-03-02,10.788,A,F,,,P1D,,A,,,,,,,,,,4,,4F0,,Swedish krona/Euro,"ECB reference exchange rate, Swedish krona/Euro, 2:15 pm (C.E.T.)",SEK,0
EXR.D.SEK.EUR.SP00.A,D,SEK,EUR,SP00,A,2022-03-03,10.7688,A,F,,,P1D,,A,,,,,,,,,,4,,4F0,,Swedish krona/Euro,"ECB reference exchange rate, Swedish krona/Euro, 2:15 pm (C.E.T.)",SEK,0
EXR.D.SEK.EUR.SP00.A,D,SEK,EUR,SP00,A,2022-03-04,10.7935,A,F,,,P1D,,A,,,,,,,,,,4,,4F0,,Swedish krona/Euro,"ECB reference exchange rate, Swedish krona/Euro, 2:15 pm (C.E.T.)",SEK,0
EXR.D.SEK.EUR.SP00.A,D,SEK,EUR,SP00,A,2022-03-07,10.8573,A,F,,,P1D,,A,,,,,,,,,,4,,4F0,,Swedish krona/Euro,"ECB reference exchange rate, Swedish krona/Euro, 2:15 pm (C.E.T.)",SEK,0
EXR.D.SEK.EUR.SP00.A,D,SEK,EUR,SP00,A,2022-03-08,10.8803,A,F,,,P1D,,A,,,,,,,,,,4,,4F0,,Swedish krona/Euro,"ECB reference exchange rate, Swedish krona/Euro, 2:15 pm (C.E.T.)",SEK,0
EXR.D.SEK.EUR.SP00.A,D,SEK,EUR,SP00,A,2022-03-09,10.734,A,F,,,P1D,,A,,,,,,,,,,4,,4F0,,Swedish krona/Euro,"ECB reference exchange rate, Swedish krona/Euro, 2:15 pm (C.E.T.)",SEK,0
EXR.D.SEK.EUR.SP00.A,D,SEK,EUR,SP00,A,2022-03-10,10.7073,A,F,,,P1D,,A,,,,,,,,,,4,,4F0,,Swedish krona/Euro,"ECB reference exchange rate, Swedish krona/Euro, 2:15 pm (C.E.T.)",SEK,0
EXR.D.SEK.EUR.SP00.A,D,SEK,EUR,SP00,A,2022-03-11,10.646,A,F,,,P1D,,A,,,,,,,,,,4,,4F0,,Swedish krona/Euro,"ECB reference exchange rate, Swedish krona/Euro, 2:15 pm (C.E.T.)",SEK,0
EXR.D.SEK.EUR.SP00.A,D,SEK,EUR,SP00,A,2022-03-14,10.5368,A,F,,,P1D,,A,,,,,,,,,,4,,4F0,,Swedish krona/Euro,"ECB reference exchange rate, Swedish krona/Euro, 2:15 pm (C.E.T.)",SEK,0
EXR.D.SEK.EUR.SP00.A,D,SEK,EUR,SP00,A,2022-03-15,10.526,A,F,,,P1D,,A,,,,,,,,,,4,,4F0,,Swedish krona/Euro,"ECB reference exchange rate, Swedish krona/Euro, 2:15 pm (C.E.T.)",SEK,0
EXR.D.SEK.EUR.SP00.A,D,SEK,EUR,SP00,A,2022-03-16,10.4205,A,F,,,P1D,,A,,,,,,,,,,4,,4F0,,Swedish krona/Euro,"ECB reference exchange rate, Swedish krona/Euro, 2:15 pm (C.E.T.)",SEK,0
EXR.D.SEK.EUR.SP00.A,D,SEK,EUR,SP00,A,2022-03-17,10.4503,A,F,,,P1D,,A,,,,,,,,,,4,,4F0,,Swedish krona/Euro,"ECB reference exchange rate, Swedish krona/Euro, 2:15 pm (C.E.T.)",SEK,0
EXR.D.SEK.EUR.SP00.A,D,SEK,EUR,SP00,A,2022-03-18,10.4303,A,F,,,P1D,,A,,,,,,,,,,4,,4F0,,Swedish krona/Euro,"ECB reference exchange rate, Swedish krona/Euro, 2:15 pm (C.E.T.)",SEK,0
EXR.D.SEK.EUR.SP00.A,D,SEK,EUR,SP00,A,2022-03-21,10.4088,A,F,,,P1D,,A,,,,,,,,,,4,,4F0,,Swedish krona/Euro,"ECB reference exchange rate, Swedish krona/Euro, 2:15 pm (C.E.T.)",SEK,0
EXR.D.SEK.EUR.SP00.A,D,SEK,EUR,SP00,A,2022-03-22,10.3822,A,F,,,P1D,,A,,,,,,,,,,4,,4F0,,Swedish krona/Euro,"ECB reference exchange rate, Swedish krona/Euro, 2:15 pm (C.E.T.)",SEK,0
EXR.D.SEK.EUR.SP00.A,D,SEK,EUR,SP00,A,2022-03-23,10.4005,A,F,,,P1D,,A,,,,,,,,,,4,,4F0,,Swedish krona/Euro,"ECB reference exchange rate, Swedish krona/Euro, 2:15 pm (C.E.T.)",SEK,0
EXR.D.SEK.EUR.SP00.A,D,SEK,EUR,SP00,A,2022-03-24,10.3555,A,F,,,P1D,,A,,,,,,,,,,4,,4F0,,Swedish krona/Euro,"ECB reference exchange rate, Swedish krona/Euro, 2:15 pm (C.E.T.)",SEK,0
EXR.D.SEK.EUR.SP00.A,D,SEK,EUR,SP00,A,2022-03-25,10.3505,A,F,,,P1D,,A,,,,,,,,,,4,,4F0,,Swedish krona/Euro,"ECB reference exchange rate, Swedish krona/Euro, 2:15 pm (C.E.T.)",SEK,0
EXR.D.SEK.EUR.SP00.A,D,SEK,EUR,SP00,A,2022-03-28,10.4225,A,F,,,P1D,,A,,,,,,,,,,4,,4F0,,Swedish krona/Euro,"ECB reference exchange rate, Swedish krona/Euro, 2:15 pm (C.E.T.)",SEK,0
EXR.D.SEK.EUR.SP00.A,D,SEK,EUR,SP00,A,2022-03-29,10.329,A,F,,,P1D,,A,,,,,,,,,,4,,4F0,,Swedish krona/Euro,"ECB reference exchange rate, Swedish krona/Euro, 2:15 pm (C.E.T.)",SEK,0
EXR.D.SEK.EUR.SP00.A,D,SEK,EUR,SP00,A,2022-03-30,10.3498,A,F,,,P1D,,A,,,,,,,,,,4,,4F0,,Swedish krona/Euro,"ECB reference exchange rate, Swedish krona/Euro, 2:15 pm (C.E.T.)",SEK,0
EXR.D.SEK.EUR.SP00.A,D,SEK,EUR,SP00,A,2022-03-31,10.337,A,F,,,P1D,,A,,,,,,,,,,4,,4F0,,Swedish krona/Euro,"ECB reference exchange rate, Swedish krona/Euro, 2:15 pm (C.E.T.)",SEK,0
EXR.D.SEK.EUR.SP00.A,D,SEK,EUR,SP00,A,2022-04-01,10.332,A,F,,,P1D,,A,,,,,,,,,,4,,4F0,,Swedish krona/Euro,"ECB reference exchange rate, Swedish krona/Euro, 2:15 pm (C.E.T.)",SEK,0
EXR.D.SEK.EUR.SP00.A,D,SEK,EUR,SP00,A,2022-04-04,10.3849,A,F,,,P1D,,A,,,,,,,,,,4,,4F0,,Swedish krona/Euro,"ECB reference exchange rate, Swedish krona/Euro, 2:15 pm (C.E.T.)",SEK,0
EXR.D.SEK.EUR.SP00.A,D,SEK,EUR,SP00,A,2022-04-05,10.2593,A,F,,,P1D,,A,,,,,,,,,,4,,4F0,,Swedish krona/Euro,"ECB reference exchange rate, Swedish krona/Euro, 2:15 pm (C.E.T.)",SEK,0
EXR.D.SEK.EUR.SP00.A,D,SEK,EUR,SP00,A,2022-04-06,10.2855,A,F,,,P1D,,A,,,,,,,,,,4,,4F0,,Swedish krona/Euro,"ECB reference exchange rate, Swedish krona/Euro, 2:15 pm (C.E.T.)",SEK,0
EXR.D.SEK.EUR.SP00.A,D,SEK,EUR,SP00,A,2022-04-07,10.313,A,F,,,P1D,,A,,,,,,,,,,4,,4F0,,Swedish krona/Euro,"ECB reference exchange rate, Swedish krona/Euro, 2:15 pm (C.E.T.)",SEK,0
EXR.D.SEK.EUR.SP00.A,D,SEK,EUR,SP00,A,2022-04-08,10.2768,A,F,,,P1D,,A,,,,,,,,,,4,,4F0,,Swedish krona/Euro,"ECB reference exchange rate, Swedish krona/Euro, 2:15 pm (C.E.T.)",SEK,0
EXR.D.SEK.EUR.SP00.A,D,SEK,EUR,SP00,A,2022-04-11,10.3128,A,F,,,P1D,,A,,,,,,,,,,4,,4F0,,Swedish krona/Euro,"ECB reference exchange rate, Swedish krona/Euro, 2:15 pm (C.E.T.)",SEK,0
EXR.D.SEK.EUR.SP00.A,D,SEK,EUR,SP00,A,2022-04-12,10.332,A,F,,,P1D,,A,,,,,,,,,,4,,4F0,,Swedish krona/Euro,"ECB reference exchange rate, Swedish krona/Euro, 2:15 pm (C.E.T.)",SEK,0
EXR.D.SEK.EUR.SP00.A,D,SEK,EUR,SP00,A,2022-04-13,10.3323,A,F,,,P1D,,A,,,,,,,,,,4,,4F0,,Swedish krona/Euro,"ECB reference exchange rate, Swedish krona/Euro, 2:15 pm (C.E.T.)",SEK,0
EXR.D.SEK.EUR.SP00.A,D,SEK,EUR,SP00,A,2022-04-14,10.3008,A,F,,,P1D,,A,,,,,,,,,,4,,4F0,,Swedish krona/Euro,"ECB reference exchange rate, Swedish krona/Euro, 2:15 pm (C.E.T.)",SEK,0
EXR.D.SEK.EUR.SP00.A,D,SEK,EUR,SP00,A,2022-04-19,10.3408,A,F,,,P1D,,A,,,,,,,,,,4,,4F0,,Swedish krona/Euro,"ECB reference exchange rate, Swedish krona/Euro, 2:15 pm (C.E.T.)",SEK,0
EXR.D.SEK.EUR.SP00.A,D,SEK,EUR,SP00,A,2022-04-20,10.23,A,F,,,P1D,,A,,,,,,,,,,4,,4F0,,Swedish krona/Euro,"ECB reference exchange rate, Swedish krona/Euro, 2:15 pm (C.E.T.)",SEK,0
EXR.D.SEK.EUR.SP00.A,D,SEK,EUR,SP00,A,2022-04-21,10.2553,A,F,,,P1D,,A,,,,,,,,,,4,,4F0,,Swedish krona/Euro,"ECB reference exchange rate, Swedish krona/Euro, 2:15 pm (C.E.T.)",SEK,0
EXR.D.SEK.EUR.SP00.A,D,SEK,EUR,SP00,A,2022-04-22,10.278,A,F,,,P1D,,A,,,,,,,,,,4,,4F0,,Swedish krona/Euro,"ECB reference exchange rate, Swedish krona/Euro, 2:15 pm (C.E.T.)",SEK,0
EXR.D.SEK.EUR.SP00.A,D,SEK,EUR,SP00,A,2022-04-25,10.3476,A,F,,,P1D,,A,,,,,,,,,,4,,4F0,,Swedish krona/Euro,"ECB reference exchange rate, Swedish krona/Euro, 2:15 pm (C.E.T.)",SEK,0
EXR.D.SEK.EUR.SP00.A,D,SEK,EUR,SP00,A,2022-04-26,10.3935,A,F,,,P1D,,A,,,,,,,,,,4,,4F0,,Swedish krona/Euro,"ECB reference exchange rate, Swedish krona/Euro, 2:15 pm (C.E.T.)",SEK,0
EXR.D.SEK.EUR.SP00.A,D,SEK,EUR,SP00,A,2022-04-27,10.4035,A,F,,,P1D,,A,,,,,,,,,,4,,4F0,,Swedish krona/Euro,"ECB reference exchange rate, Swedish krona/Euro, 2:15 pm (C.E.T.)",SEK,0
EXR.D.SEK.EUR.SP00.A,D,SEK,EUR,SP00,A,2022-04-28,10.3594,A,F,,,P1D,,A,,,,,,,,,,4,,4F0,,Swedish krona/Euro,"ECB reference exchange rate, Swedish krona/Euro, 2:15 pm (C.E.T.)",SEK,0
EXR.D.SEK.EUR.SP00.A,D,SEK,EUR,SP00,A,2022-04-29,10.2958,A,F,,,P1D,,A,,,,,,,,,,4,,4F0,,Swedish krona/Euro,"ECB reference exchange rate, Swedish krona/Euro, 2:15 pm (C.E.T.)",SEK,0
EXR.D.SEK.EUR.SP00.A,D,SEK,EUR,SP00,A,2022-05-02,10.4035,A,F,,,P1D,,A,,,,,,,,,,4,,4F0,,Swedish krona/Euro,"ECB reference exchange rate, Swedish krona/Euro, 2:15 pm (C.E.T.)",SEK,0
EXR.D.SEK.EUR.SP00.A,D,SEK,EUR,SP00,A,2022-05-03,10.3978,A,F,,,P1D,,A,,,,,,,,,,4,,4F0,,Swedish krona/Euro,"ECB reference exchange rate, Swedish krona/Euro, 2:15 pm (C.E.T.)",SEK,0
EXR.D.SEK.EUR.SP00.A,D,SEK,EUR,SP00,A,2022-05-04,10.3968,A,F,,,P1D,,A,,,,,,,,,,4,,4F0,,Swedish krona/Euro,"ECB reference exchange rate, Swedish krona/Euro, 2:15 pm (C.E.T.)",SEK,0
EXR.D.SEK.EUR.SP00.A,D,SEK,EUR,SP00,A,2022-05-05,10.3748,A,F,,,P1D,,A,,,,,,,,,,4,,4F0,,Swedish krona/Euro,"ECB reference exchange rate, Swedish krona/Euro, 2:15 pm (C.E.T.)",SEK,0
EXR.D.SEK.EUR.SP00.A,D,SEK,EUR,SP00,A,2022-05-06,10.4686,A,F,,,P1D,,A,,,,,,,,,,4,,4F0,,Swedish krona/Euro,"ECB reference exchange rate, Swedish krona/Euro, 2:15 pm (C.E.T.)",SEK,0
EXR.D.SEK.EUR.SP00.A,D,SEK,EUR,SP00,A,2022-05-09,10.5818,A,F,,,P1D,,A,,,,,,,,,,4,,4F0,,Swedish krona/Euro,"ECB reference exchange rate, Swedish krona/Euro, 2:15 pm (C.E.T.)",SEK,0
EXR.D.SEK.EUR.SP00.A,D,SEK,EUR,SP00,A,2022-05-10,10.6075,A,F,,,P1D,,A,,,,,,,,,,4,,4F0,,Swedish krona/Euro,"ECB reference exchange rate, Swedish krona/Euro, 2:15 pm (C.E.T.)",SEK,0
EXR.D.SEK.EUR.SP00.A,D,SEK,EUR,SP00,A,2022-05-11,10.526,A,F,,,P1D,,A,,,,,,,,,,4,,4F0,,Swedish krona/Euro,"ECB reference exchange rate, Swedish krona/Euro, 2:15 pm (C.E.T.)",SEK,0
EXR.D.SEK.EUR.SP00.A,D,SEK,EUR,SP00,A,2022-05-12,10.5648,A,F,,,P1D,,A,,,,,,,,,,4,,4F0,,Swedish krona/Euro,"ECB reference exchange rate, Swedish krona/Euro, 2:15 pm (C.E.T.)",SEK,0
EXR.D.SEK.EUR.SP00.A,D,SEK,EUR,SP00,A,2022-05-13,10.4905,A,F,,,P1D,,A,,,,,,,,,,4,,4F0,,Swedish krona/Euro,"ECB reference exchange rate, Swedish krona/Euro, 2:15 pm (C.E.T.)",SEK,0
EXR.D.SEK.EUR.SP00.A,D,SEK,EUR,SP00,A,2022-05-16,10.4978,A,F,,,P1D,,A,,,,,,,,,,4,,4F0,,Swedish krona/Euro,"ECB reference exchange rate, Swedish krona/Euro, 2:15 pm (C.E.T.)",SEK,0
EXR.D.SEK.EUR.SP00.A,D,SEK,EUR,SP00,A,2022-05-17,10.4393,A,F,,,P1D,,A,,,,,,,,,,4,,4F0,,Swedish krona/Euro,"ECB reference exchange rate, Swedish krona/Euro, 2:15 pm (C.E.T.)",SEK,0
EXR.D.SEK.EUR.SP00.A,D,SEK,EUR,SP00,A,2022-05-18,10.4675,A,F,,,P1D,,A,,,,,,,,,,4,,4F0,,Swedish krona/Euro,"ECB reference exchange rate, Swedish krona/Euro, 2:15 pm (C.E.T.)",SEK,0
EXR.D.SEK.EUR.SP00.A,D,SEK,EUR,SP00,A,2022-05-19,10.5098,A,F,,,P1D,,A,,,,,,,,,,4,,4F0,,Swedish krona/Euro,"ECB reference exchange rate, Swedish krona/Euro, 2:15 pm (C.E.T.)",SEK,0
EXR.D.SEK.EUR.SP00.A,D,SEK,EUR,SP00,A,2022-05-20,10.4915,A,F,,,P1D,,A,,,,,,,,,,4,,4F0,,Swedish krona/Euro,"ECB reference exchange rate, Swedish krona/Euro, 2:15 pm (C.E.T.)",SEK,0
EXR.D.SEK.EUR.SP00.A,D,SEK,EUR,SP00,A,2022-05-23,10.4918,A,F,,,P1D,,A,,,,,,,,,,4,,4F0,,Swedish krona/Euro,"ECB reference exchange rate, Swedish krona/Euro, 2:15 pm (C.E.T.)",SEK,0
EXR.D.SEK.EUR.SP00.A,D,SEK,EUR,SP00,A,2022-05-24,10.5013,A,F,,,P1D,,A,,,,,,,,,,4,,4F0,,Swedish krona/Euro,"ECB reference exchange rate, Swedish krona/Euro, 2:15 pm (C.E.T.)",SEK,0
EXR.D.SEK.EUR.SP00.A,D,SEK,EUR,SP00,A,2022-05-25,10.5419,A,F,,,P1D,,A,,,,,,,,,,4,,4F0,,Swedish krona/Euro,"ECB reference exchange rate, Swedish krona/Euro, 2:15 pm (C.E.T.)",SEK,0
EXR.D.SEK.EUR.SP00.A,D,SEK,EUR,SP00,A,2022-05-26,10.5983,A,F,,,P1D,,A,,,,,,,,,,4,,4F0,,Swedish krona/Euro,"ECB reference exchange rate, Swedish krona/Euro, 2:15 pm (C.E.T.)",SEK,0
EXR.D.SEK.EUR.SP00.A,D,SEK,EUR,SP00,A,2022-05-27,10.5293,A,F,,,P1D,,A,,,,,,,,,,4,,4F0,,Swedish krona/Euro,"ECB reference exchange rate, Swedish krona/Euro, 2:15 pm (C.E.T.)",SEK,0
EXR.D.SEK.EUR.SP00.A,D,SEK,EUR,SP00,A,2022-05-30,10.518,A,F,,,P1D,,A,,,,,,,,,,4,,4F0,,Swedish krona/Euro,"ECB reference exchange rate, Swedish krona/Euro, 2:15 pm (C.E.T.)",SEK,0
EXR.D.SEK.EUR.SP00.A,D,SEK,EUR,SP00,A,2022-05-31,10.5053,A,F,,,P1D,,A,,,,,,,,,,4,,4F0,,Swedish krona/Euro,"ECB reference exchange rate, Swedish krona/Euro, 2:15 pm (C.E.T.)",SEK,0
EXR.D.SEK.EUR.SP00.A,D,SEK,EUR,SP00,A,2022-06-01,10.4758,A,F,,,P1D,,A,,,,,,,,,,4,,4F0,,Swedish krona/Euro,"ECB reference exchange rate, Swedish krona/Euro, 2:15 pm (C.E.T.)",SEK,0
EXR.D.SEK.EUR.SP00.A,D,SEK,EUR,SP00,A,2022-06-02,10.4705,A,F,,,P1D,,A,,,,,,,,,,4,,4F0,,Swedish krona/Euro,"ECB reference exchange rate, Swedish krona/Euro, 2:15 pm (C.E.T.)",SEK,0
EXR.D.SEK.EUR.SP00.A,D,SEK,EUR,SP00,A,2022-06-03,10.4589,A,F,,,P1D,,A,,,,,,,,,,4,,4F0,,Swedish krona/Euro,"ECB reference exchange rate, Swedish krona/Euro, 2:15 pm (C.E.T.)",SEK,0
EXR.D.SEK.EUR.SP00.A,D,SEK,EUR,SP00,A,2022-06-06,10.452,A,F,,,P1D,,A,,,,,,,,,,4,,4F0,,Swedish krona/Euro,"ECB reference exchange rate, Swedish krona/Euro, 2:15 pm (C.E.T.)",SEK,0
EXR.D.SEK.EUR.SP00.A,D,SEK,EUR,SP00,A,2022-06-07,10.5039,A,F,,,P1D,,A,,,,,,,,,,4,,4F0,,Swedish krona/Euro,"ECB reference exchange rate, Swedish krona/Euro, 2:15 pm (C.E.T.)",SEK,0
EXR.D.SEK.EUR.SP00.A,D,SEK,EUR,SP00,A,2022-06-08,10.4938,A,F,,,P1D,,A,,,,,,,,,,4,,4F0,,Swedish krona/Euro,"ECB reference exchange rate, Swedish krona/Euro, 2:15 pm (C.E.T.)",SEK,0
EXR.D.SEK.EUR.SP00.A,D,SEK,EUR,SP00,A,2022-06-09,10.5045,A,F,,,P1D,,A,,,,,,,,,,4,,4F0,,Swedish krona/Euro,"ECB reference exchange rate, Swedish krona/Euro, 2:15 pm (C.E.T.)",SEK,0
EXR.D.SEK.EUR.SP00.A,D,SEK,EUR,SP00,A,2022-06-10,10.5255,A,F,,,P1D,,A,,,,,,,,,,4,,4F0,,Swedish krona/Euro,"ECB reference exchange rate, Swedish krona/Euro, 2:15 pm (C.E.T.)",SEK,0
EXR.D.SEK.EUR.SP00.A,D,SEK,EUR,SP00,A,2022-06-13,10.616,A,F,,,P1D,,A,,,,,,,,,,4,,4F0,,Swedish krona/Euro,"ECB reference exchange rate, Swedish krona/Euro, 2:15 pm (C.E.T.)",SEK,0
EXR.D.SEK.EUR.SP00.A,D,SEK,EUR,SP00,A,2022-06-14,10.622,A,F,,,P1D,,A,,,,,,,,,,4,,4F0,,Swedish krona/Euro,"ECB reference exchange rate, Swedish krona/Euro, 2:15 pm (C.E.T.)",SEK,0
EXR.D.SEK.EUR.SP00.A,D,SEK,EUR,SP00,A,2022-06-15,10.6278,A,F,,,P1D,,A,,,,,,,,,,4,,4F0,,Swedish krona/Euro,"ECB reference exchange rate, Swedish krona/Euro, 2:15 pm (C.E.T.)",SEK,0
EXR.D.SEK.EUR.SP00.A,D,SEK,EUR,SP00,A,2022-06-16,10.6942,A,F,,,P1D,,A,,,,,,,,,,4,,4F0,,Swedish krona/Euro,"ECB reference exchange rate, Swedish krona/Euro, 2:15 pm (C.E.T.)",SEK,0
EXR.D.SEK.EUR.SP00.A,D,SEK,EUR,SP00,A,2022-06-17,10.6748,A,F,,,P1D,,A,,,,,,,,,,4,,4F0,,Swedish krona/Euro,"ECB reference exchange rate, Swedish krona/Euro, 2:15 pm (C.E.T.)",SEK,0
EXR.D.SEK.EUR.SP00.A,D,SEK,EUR,SP00,A,2022-06-20,10.6375,A,F,,,P1D,,A,,,,,,,,,,4,,4F0,,Swedish krona/Euro,"ECB reference exchange rate, Swedish krona/Euro, 2:15 pm (C.E.T.)",SEK,0
EXR.D.SEK.EUR.SP00.A,D,SEK,EUR,SP00,A,2022-06-21,10.646,A,F,,,P1D,,A,,,,,,,,,,4,,4F0,,Swedish krona/Euro,"ECB reference exchange rate, Swedish krona/Euro, 2:15 pm (C.E.T.)",SEK,0
EXR.D.SEK.EUR.SP00.A,D,SEK,EUR,SP00,A,2022-06-22,10.6688,A,F,,,P1D,,A,,,,,,,,,,4,,4F0,,Swedish krona/Euro,"ECB reference exchange rate, Swedish krona/Euro, 2:15 pm (C.E.T.)",SEK,0
EXR.D.SEK.EUR.SP00.A,D,SEK,EUR,SP00,A,2022-06-23,10.705,A,F,,,P1D,,A,,,,,,,,,,4,,4F0,,Swedish krona/Euro,"ECB reference exchange rate, Swedish krona/Euro, 2:15 pm (C.E.T.)",SEK,0
EXR.D.SEK.EUR.SP00.A,D,SEK,EUR,SP00,A,2022-06-24,10.694,A,F,,,P1D,,A,,,,,,,,,,4,,4F0,,Swedish krona/Euro,"ECB reference exchange rate, Swedish krona/Euro, 2:15 pm (C.E.T.)",SEK,0
EXR.D.SEK.EUR.SP00.A,D,SEK,EUR,SP00,A,2022-06-27,10.6713,A,F,,,P1D,,A,,,,,,,,,,4,,4F0,,Swedish krona/Euro,"ECB reference exchange rate, Swedish krona/Euro, 2:15 pm (C.E.T.)",SEK,0
EXR.D.SEK.EUR.SP00.A,D,SEK,EUR,SP00,A,2022-06-28,10.6543,A,F,,,P1D,,A,,,,,,,,,,4,,4F0,,Swedish krona/Euro,"ECB reference exchange rate, Swedish krona/Euro, 2:15 pm (C.E.T.)",SEK,0
EXR.D.SEK.EUR.SP00.A,D,SEK,EUR,SP00,A,2022-06-29,10.6848,A,F,,,P1D,,A,,,,,,,,,,4,,4F0,,Swedish krona/Euro,"ECB reference exchange rate, Swedish krona/Euro, 2:15 pm (C.E.T.)",SEK,0
EXR.D.SEK.EUR.SP00.A,D,SEK,EUR,SP00,A,2022-06-30,10.73,A,F,,,P1D,,A,,,,,,,,,,4,,4F0,,Swedish krona/Euro,"ECB reference exchange rate, Swedish krona/Euro, 2:15 pm (C.E.T.)",SEK,0
EXR.D.SEK.EUR.SP00.A,D,SEK,EUR,SP00,A,2022-07-01,10.7783,A,F,,,P1D,,A,,,,,,,,,,4,,4F0,,Swedish krona/Euro,"ECB reference exchange rate, Swedish krona/Euro, 2:15 pm (C.E.T.)",SEK,0
EXR.D.SEK.EUR.SP00.A,D,SEK,EUR,SP00,A,2022-07-04,10.7658,A,F,,,P1D,,A,,,,,,,,,,4,,4F0,,Swedish krona/Euro,"ECB reference exchange rate, Swedish krona/Euro, 2:15 pm (C.E.T.)",SEK,0
EXR.D.SEK.EUR.SP00.A,D,SEK,EUR,SP00,A,2022-07-05,10.8031,A,F,,,P1D,,A,,,,,,,,,,4,,4F0,,Swedish krona/Euro,"ECB reference exchange rate, Swedish krona/Euro, 2:15 pm (C.E.T.)",SEK,0
EXR.D.SEK.EUR.SP00.A,D,SEK,EUR,SP00,A,2022-07-06,10.745,A,F,,,P1D,,A,,,,,,,,,,4,,4F0,,Swedish krona/Euro,"ECB reference exchange rate, Swedish krona/Euro, 2:15 pm (C.E.T.)",SEK,0
EXR.D.SEK.EUR.SP00.A,D,SEK,EUR,SP00,A,2022-07-07,10.723,A,F,,,P1D,,A,,,,,,,,,,4,,4F0,,Swedish krona/Euro,"ECB reference exchange rate, Swedish krona/Euro, 2:15 pm (C.E.T.)",SEK,0
EXR.D.SEK.EUR.SP00.A,D,SEK,EUR,SP00,A,2022-07-08,10.6665,A,F,,,P1D,,A,,,,,,,,,,4,,4F0,,Swedish krona/Euro,"ECB reference exchange rate, Swedish krona/Euro, 2:15 pm (C.E.T.)",SEK,0
EXR.D.SEK.EUR.SP00.A,D,SEK,EUR,SP00,A,2022-07-11,10.6943,A,F,,,P1D,,A,,,,,,,,,,4,,4F0,,Swedish krona/Euro,"ECB reference exchange rate, Swedish krona/Euro, 2:15 pm (C.E.T.)",SEK,0
EXR.D.SEK.EUR.SP00.A,D,SEK,EUR,SP00,A,2022-07-12,10.629,A,F,,,P1D,,A,,,,,,,,,,4,,4F0,,Swedish krona/Euro,"ECB reference exchange rate, Swedish krona/Euro, 2:15 pm (C.E.T.)",SEK,0
EXR.D.SEK.EUR.SP00.A,D,SEK,EUR,SP00,A,2022-07-13,10.602,A,F,,,P1D,,A,,,,,,,,,,4,,4F0,,Swedish krona/Euro,"ECB reference exchange rate, Swedish krona/Euro, 2:15 pm (C.E.T.)",SEK,0
EXR.D.SEK.EUR.SP00.A,D,SEK,EUR,SP00,A,2022-07-14,10.6019,A,F,,,P1D,,A,,,,,,,,,,4,,4F0,,Swedish krona/Euro,"ECB reference exchange rate, Swedish krona/Euro, 2:15 pm (C.E.T.)",SEK,0
EXR.D.SEK.EUR.SP00.A,D,SEK,EUR,SP00,A,2022-07-15,10.5943,A,F,,,P1D,,A,,,,,,,,,,4,,4F0,,Swedish krona/Euro,"ECB reference exchange rate, Swedish krona/Euro, 2:15 pm (C.E.T.)",SEK,0
EXR.D.SEK.EUR.SP00.A,D,SEK,EUR,SP00,A,2022-07-18,10.5265,A,F,,,P1D,,A,,,,,,,,,,4,,4F0,,Swedish krona/Euro,"ECB reference exchange rate, Swedish krona/Euro, 2:15 pm (C.E.T.)",SEK,0
EXR.D.SEK.EUR.SP00.A,D,SEK,EUR,SP00,A,2022-07-19,10.4964,A,F,,,P1D,,A,,,,,,,,,,4,,4F0,,Swedish krona/Euro,"ECB reference exchange rate, Swedish krona/Euro, 2:15 pm (C.E.T.)",SEK,0
EXR.D.SEK.EUR.SP00.A,D,SEK,EUR,SP00,A,2022-07-20,10.4606,A,F,,,P1D,,A,,,,,,,,,,4,,4F0,,Swedish krona/Euro,"ECB reference exchange rate, Swedish krona/Euro, 2:15 pm (C.E.T.)",SEK,0
EXR.D.SEK.EUR.SP00.A,D,SEK,EUR,SP00,A,2022-07-21,10.426,A,F,,,P1D,,A,,,,,,,,,,4,,4F0,,Swedish krona/Euro,"ECB reference exchange rate, Swedish krona/Euro, 2:15 pm (C.E.T.)",SEK,0
EXR.D.SEK.EUR.SP00.A,D,SEK,EUR,SP00,A,2022-07-22,10.4328,A,F,,,P1D,,A,,,,,,,,,,4,,4F0,,Swedish krona/Euro,"ECB reference exchange rate, Swedish krona/Euro, 2:15 pm (C.E.T.)",SEK,0
EXR.D.SEK.EUR.SP00.A,D,SEK,EUR,SP00,A,2022-07-25,10.3973,A,F,,,P1D,,A,,,,,,,,,,4,,4F0,,Swedish krona/Euro,"ECB reference exchange rate, Swedish krona/Euro, 2:15 pm (C.E.T.)",SEK,0
EXR.D.SEK.EUR.SP00.A,D,SEK,EUR,SP00,A,2022-07-26,10.4445,A,F,,,P1D,,A,,,,,,,,,,4,,4F0,,Swedish krona/Euro,"ECB reference exchange rate, Swedish krona/Euro, 2:15 pm (C.E.T.)",SEK,0
EXR.D.SEK.EUR.SP00.A,D,SEK,EUR,SP00,A,2022-07-27,10.4545,A,F,,,P1D,,A,,,,,,,,,,4,,4F0,,Swedish krona/Euro,"ECB reference exchange rate, Swedish krona/Euro, 2:15 pm (C.E.T.)",SEK,0
EXR.D.SEK.EUR.SP00.A,D,SEK,EUR,SP00,A,2022-07-28,10.449,A,F,,,P1D,,A,,,,,,,,,,4,,4F0,,Swedish krona/Euro,"ECB reference exchange rate, Swedish krona/Euro, 2:15 pm (C.E.T.)",SEK,0
EXR.D.SEK.EUR.SP00.A,D,SEK,EUR,SP00,A,2022-07-29,10.3875,A,F,,,P1D,,A,,,,,,,,,,4,,4F0,,Swedish krona/Euro,"ECB reference exchange rate, Swedish krona/Euro, 2:15 pm (C.E.T.)",SEK,0
EXR.D.SEK.EUR.SP00.A,D,SEK,EUR,SP00,A,2022-08-01,10.3668,A,F,,,P1D,,A,,,,,,,,,,4,,4F0,,Swedish krona/Euro,"ECB reference exchange rate, Swedish krona/Euro, 2:15 pm (C.E.T.)",SEK,0
EXR.D.SEK.EUR.SP00.A,D,SEK,EUR,SP00,A,2022-08-02,10.3995,A,F,,,P1D,,A,,,,,,,,,,4,,4F0,,Swedish krona/Euro,"ECB reference exchange rate, Swedish krona/Euro, 2:15 pm (C.E.T.)",SEK,0
EXR.D.SEK.EUR.SP00.A,D,SEK,EUR,SP00,A,2022-08-03,10.3913,A,F,,,P1D,,A,,,,,,,,,,4,,4F0,,Swedish krona/Euro,"ECB reference exchange rate, Swedish krona/Euro, 2:15 pm (C.E.T.)",SEK,0
EXR.D.SEK.EUR.SP00.A,D,SEK,EUR,SP00,A,2022-08-04,10.374,A,F,,,P1D,,A,,,,,,,,,,4,,4F0,,Swedish krona/Euro,"ECB reference exchange rate, Swedish krona/Euro, 2:15 pm (C.E.T.)",SEK,0
EXR.D.SEK.EUR.SP00.A,D,SEK,EUR,SP00,A,2022-08-05,10.3573,A,F,,,P1D,,A,,,,,,,,,,4,,4F0,,Swedish krona/Euro,"ECB reference exchange rate, Swedish krona/Euro, 2:15 pm (C.E.T.)",SEK,0
EXR.D.SEK.EUR.SP00.A,D,SEK,EUR,SP00,A,2022-08-08,10.365,A,F,,,P1D,,A,,,,,,,,,,4,,4F0,,Swedish krona/Euro,"ECB reference exchange rate, Swedish krona/Euro, 2:15 pm (C.E.T.)",SEK,0
EXR.D.SEK.EUR.SP00.A,D,SEK,EUR,SP00,A,2022-08-09,10.3875,A,F,,,P1D,,A,,,,,,,,,,4,,4F0,,Swedish krona/Euro,"ECB reference exchange rate, Swedish krona/Euro, 2:15 pm (C.E.T.)",SEK,0
EXR.D.SEK.EUR.SP00.A,D,SEK,EUR,SP00,A,2022-08-10,10.3773,A,F,,,P1D,,A,,,,,,,,,,4,,4F0,,Swedish krona/Euro,"ECB reference exchange rate, Swedish krona/Euro, 2:15 pm (C.E.T.)",SEK,0
EXR.D.SEK.EUR.SP00.A,D,SEK,EUR,SP00,A,2022-08-11,10.36,A,F,,,P1D,,A,,,,,,,,,,4,,4F0,,Swedish krona/Euro,"ECB reference exchange rate, Swedish krona/Euro, 2:15 pm (C.E.T.)",SEK,0
EXR.D.SEK.EUR.SP00.A,D,SEK,EUR,SP00,A,2022-08-12,10.4515,A,F,,,P1D,,A,,,,,,,,,,4,,4F0,,Swedish krona/Euro,"ECB reference exchange rate, Swedish krona/Euro, 2:15 pm (C.E.T.)",SEK,0
EXR.D.SEK.EUR.SP00.A,D,SEK,EUR,SP00,A,2022-08-15,10.498,A,F,,,P1D,,A,,,,,,,,,,4,,4F0,,Swedish krona/Euro,"ECB reference exchange rate, Swedish krona/Euro, 2:15 pm (C.E.T.)",SEK,0
EXR.D.SEK.EUR.SP00.A,D,SEK,EUR,SP00,A,2022-08-16,10.5365,A,F,,,P1D,,A,,,,,,,,,,4,,4F0,,Swedish krona/Euro,"ECB reference exchange rate, Swedish krona/Euro, 2:15 pm (C.E.T.)",SEK,0
EXR.D.SEK.EUR.SP00.A,D,SEK,EUR,SP00,A,2022-08-17,10.5617,A,F,,,P1D,,A,,,,,,,,,,4,,4F0,,Swedish krona/Euro,"ECB reference exchange rate, Swedish krona/Euro, 2:15 pm (C.E.T.)",SEK,0
EXR.D.SEK.EUR.SP00.A,D,SEK,EUR,SP00,A,2022-08-18,10.5903,A,F,,,P1D,,A,,,,,,,,,,4,,4F0,,Swedish krona/Euro,"ECB reference exchange rate, Swedish krona/Euro, 2:15 pm (C.E.T.)",SEK,0
EXR.D.SEK.EUR.SP00.A,D,SEK,EUR,SP00,A,2022-08-19,10.6095,A,F,,,P1D,,A,,,,,,,,,,4,,4F0,,Swedish krona/Euro,"ECB reference exchange rate, Swedish krona/Euro, 2:15 pm (C.E.T.)",SEK,0
EXR.D.SEK.EUR.SP00.A,D,SEK,EUR,SP00,A,2022-08-22,10.65,A,F,,,P1D,,A,,,,,,,,,,4,,4F0,,Swedish krona/Euro,"ECB reference exchange rate, Swedish krona/Euro, 2:15 pm (C.E.T.)",SEK,0
EXR.D.SEK.EUR.SP00.A,D,SEK,EUR,SP00,A,2022-08-23,10.6063,A,F,,,P1D,,A,,,,,,,,,,4,,4F0,,Swedish krona/Euro,"ECB reference exchange rate, Swedish krona/Euro, 2:15 pm (C.E.T.)",SEK,0
EXR.D.SEK.EUR.SP00.A,D,SEK,EUR,SP00,A,2022-08-24,10.586,A,F,,,P1D,,A,,,,,,,,,,4,,4F0,,Swedish krona/Euro,"ECB reference exchange rate, Swedish krona/Euro, 2:15 pm (C.E.T.)",SEK,0
EXR.D.SEK.EUR.SP00.A,D,SEK,EUR,SP00,A,2022-08-25,10.5525,A,F,,,P1D,,A,,,,,,,,,,4,,4F0,,Swedish krona/Euro,"ECB reference exchange rate, Swedish krona/Euro, 2:15 pm (C.E.T.)",SEK,0
EXR.D.SEK.EUR.SP00.A,D,SEK,EUR,SP00,A,2022-08-26,10.5703,A,F,,,P1D,,A,,,,,,,,,,4,,4F0,,Swedish krona/Euro,"ECB reference exchange rate, Swedish krona/Euro, 2:15 pm (C.E.T.)",SEK,0
EXR.D.SEK.EUR.SP00.A,D,SEK,EUR,SP00,A,2022-08-29,10.628,A,F,,,P1D,,A,,,,,,,,,,4,,4F0,,Swedish krona/Euro,"ECB reference exchange rate, Swedish krona/Euro, 2:15 pm (C.E.T.)",SEK,0
EXR.D.SEK.EUR.SP00.A,D,SEK,EUR,SP00,A,2022-08-30,10.65,A,F,,,P1D,,A,,,,,,,,,,4,,4F0,,Swedish krona/Euro,"ECB reference exchange rate, Swedish krona/Euro, 2:15 pm (C.E.T.)",SEK,0
EXR.D.SEK.EUR.SP00.A,D,SEK,EUR,SP00,A,2022-08-31,10.6788,A,F,,,P1D,,A,,,,,,,,,,4,,4F0,,Swedish krona/Euro,"ECB reference exchange rate, Swedish krona/Euro, 2:15 pm (C.E.T.)",SEK,0
EXR.D.SEK.EUR.SP00.A,D,SEK,EUR,SP00,A,2022-09-01,10.7415,A,F,,,P1D,,A,,,,,,,,,,4,,4F0,,Swedish krona/Euro,"ECB reference exchange rate, Swedish krona/Euro, 2:15 pm (C.E.T.)",SEK,0
EXR.D.SEK.EUR.SP00.A,D,SEK,EUR,SP00,A,2022-09-02,10.7498,A,F,,,P1D,,A,,,,,,,,,,4,,4F0,,Swedish krona/Euro,"ECB reference exchange rate, Swedish krona/Euro, 2:15 pm (C.E.T.)",SEK,0
EXR.D.SEK.EUR.SP00.A,D,SEK,EUR,SP00,A,2022-09-05,10.729,A,F,,,P1D,,A,,,,,,,,,,4,,4F0,,Swedish krona/Euro,"ECB reference exchange rate, Swedish krona/Euro, 2:15 pm (C.E.T.)",SEK,0
EXR.D.SEK.EUR.SP00.A,D,SEK,EUR,SP00,A,2022-09-06,10.6825,A,F,,,P1D,,A,,,,,,,,,,4,,4F0,,Swedish krona/Euro,"ECB reference exchange rate, Swedish krona/Euro, 2:15 pm (C.E.T.)",SEK,0
EXR.D.SEK.EUR.SP00.A,D,SEK,EUR,SP00,A,2022-09-07,10.6888,A,F,,,P1D,,A,,,,,,,,,,4,,4F0,,Swedish krona/Euro,"ECB reference exchange rate, Swedish krona/Euro, 2:15 pm (C.E.T.)",SEK,0
EXR.D.SEK.EUR.SP00.A,D,SEK,EUR,SP00,A,2022-09-08,10.7075,A,F,,,P1D,,A,,,,,,,,,,4,,4F0,,Swedish krona/Euro,"ECB reference exchange rate, Swedish krona/Euro, 2:15 pm (C.E.T.)",SEK,0
EXR.D.SEK.EUR.SP00.A,D,SEK,EUR,SP00,A,2022-09-09,10.6643,A,F,,,P1D,,A,,,,,,,,,,4,,4F0,,Swedish krona/Euro,"ECB reference exchange rate, Swedish krona/Euro, 2:15 pm (C.E.T.)",SEK,0
EXR.D.SEK.EUR.SP00.A,D,SEK,EUR,SP00,A,2022-09-12,10.6368,A,F,,,P1D,,A,,,,,,,,,,4,,4F0,,Swedish krona/Euro,"ECB reference exchange rate, Swedish krona/Euro, 2:15 pm (C.E.T.)",SEK,0
EXR.D.SEK.EUR.SP00.A,D,SEK,EUR,SP00,A,2022-09-13,10.6108,A,F,,,P1D,,A,,,,,,,,,,4,,4F0,,Swedish krona/Euro,"ECB reference exchange rate, Swedish krona/Euro, 2:15 pm (C.E.T.)",SEK,0
EXR.D.SEK.EUR.SP00.A,D,SEK,EUR,SP00,A,2022-09-14,10.675,A,F,,,P1D,,A,,,,,,,,,,4,,4F0,,Swedish krona/Euro,"ECB reference exchange rate, Swedish krona/Euro, 2:15 pm (C.E.T.)",SEK,0
EXR.D.SEK.EUR.SP00.A,D,SEK,EUR,SP00,A,2022-09-15,10.69,A,F,,,P1D,,A,,,,,,,,,,4,,4F0,,Swedish krona/Euro,"ECB reference exchange rate, Swedish krona/Euro, 2:15 pm (C.E.T.)",SEK,0
EXR.D.SEK.EUR.SP00.A,D,SEK,EUR,SP00,A,2022-09-16,10.7541,A,F,,,P1D,,A,,,,,,,,,,4,,4F0,,Swedish krona/Euro,"ECB reference exchange rate, Swedish krona/Euro, 2:15 pm (C.E.T.)",SEK,0
EXR.D.SEK.EUR.SP00.A,D,SEK,EUR,SP00,A,2022-09-19,10.7993,A,F,,,P1D,,A,,,,,,,,,,4,,4F0,,Swedish krona/Euro,"ECB reference exchange rate, Swedish krona/Euro, 2:15 pm (C.E.T.)",SEK,0
EXR.D.SEK.EUR.SP00.A,D,SEK,EUR,SP00,A,2022-09-20,10.8338,A,F,,,P1D,,A,,,,,,,,,,4,,4F0,,Swedish krona/Euro,"ECB reference exchange rate, Swedish krona/Euro, 2:15 pm (C.E.T.)",SEK,0
EXR.D.SEK.EUR.SP00.A,D,SEK,EUR,SP00,A,2022-09-21,10.9214,A,F,,,P1D,,A,,,,,,,,,,4,,4F0,,Swedish krona/Euro,"ECB reference exchange rate, Swedish krona/Euro, 2:15 pm (C.E.T.)",SEK,0
EXR.D.SEK.EUR.SP00.A,D,SEK,EUR,SP00,A,2022-09-22,10.8724,A,F,,,P1D,,A,,,,,,,,,,4,,4F0,,Swedish krona/Euro,"ECB reference exchange rate, Swedish krona/Euro, 2:15 pm (C.E.T.)",SEK,0
EXR.D.SEK.EUR.SP00.A,D,SEK,EUR,SP00,A,2022-09-23,10.9328,A,F,,,P1D,,A,,,,,,,,,,4,,4F0,,Swedish krona/Euro,"ECB reference exchange rate, Swedish krona/Euro, 2:15 pm (C.E.T.)",SEK,0
EXR.D.SEK.EUR.SP00.A,D,SEK,EUR,SP00,A,2022-09-26,10.9275,A,F,,,P1D,,A,,,,,,,,,,4,,4F0,,Swedish krona/Euro,"ECB reference exchange rate, Swedish krona/Euro, 2:15 pm (C.E.T.)",SEK,0
EXR.D.SEK.EUR.SP00.A,D,SEK,EUR,SP00,A,2022-09-27,10.8533,A,F,,,P1D,,A,,,,,,,,,,4,,4F0,,Swedish krona/Euro,"ECB reference exchange rate, Swedish krona/Euro, 2:15 pm (C.E.T.)",SEK,0
EXR.D.SEK.EUR.SP00.A,D,SEK,EUR,SP00,A,2022-09-28,10.9194,A,F,,,P1D,,A,,,,,,,,,,4,,4F0,,Swedish krona/Euro,"ECB reference exchange rate, Swedish krona/Euro, 2:15 pm (C.E.T.)",SEK,0
EXR.D.SEK.EUR.SP00.A,D,SEK,EUR,SP00,A,2022-09-29,10.958,A,F,,,P1D,,A,,,,,,,,,,4,,4F0,,Swedish krona/Euro,"ECB reference exchange rate, Swedish krona/Euro, 2:15 pm (C.E.T.)",SEK,0
EXR.D.SEK.EUR.SP00.A,D,SEK,EUR,SP00,A,2022-09-30,10.8993,A,F,,,P1D,,A,,,,,,,,,,4,,4F0,,Swedish krona/Euro,"ECB reference exchange rate, Swedish krona/Euro, 2:15 pm (C.E.T.)",SEK,0
EXR.D.SEK.EUR.SP00.A,D,SEK,EUR,SP00,A,2022-10-03,10.8743,A,F,,,P1D,,A,,,,,,,,,,4,,4F0,,Swedish krona/Euro,"ECB reference exchange rate, Swedish krona/Euro, 2:15 pm (C.E.T.)",SEK,0
EXR.D.SEK.EUR.SP00.A,D,SEK,EUR,SP00,A,2022-10-04,10.8166,A,F,,,P1D,,A,,,,,,,,,,4,,4F0,,Swedish krona/Euro,"ECB reference exchange rate, Swedish krona/Euro, 2:15 pm (C.E.T.)",SEK,0
EXR.D.SEK.EUR.SP00.A,D,SEK,EUR,SP00,A,2022-10-05,10.8376,A,F,,,P1D,,A,,,,,,,,,,4,,4F0,,Swedish krona/Euro,"ECB reference exchange rate, Swedish krona/Euro, 2:15 pm (C.E.T.)",SEK,0
EXR.D.SEK.EUR.SP00.A,D,SEK,EUR,SP00,A,2022-10-06,10.8728,A,F,,,P1D,,A,,,,,,,,,,4,,4F0,,Swedish krona/Euro,"ECB reference exchange rate, Swedish krona/Euro, 2:15 pm (C.E.T.)",SEK,0
EXR.D.SEK.EUR.SP00.A,D,SEK,EUR,SP00,A,2022-10-07,10.8555,A,F,,,P1D,,A,,,,,,,,,,4,,4F0,,Swedish krona/Euro,"ECB reference exchange rate, Swedish krona/Euro, 2:15 pm (C.E.T.)",SEK,0
EXR.D.SEK.EUR.SP00.A,D,SEK,EUR,SP00,A,2022-10-10,10.9502,A,F,,,P1D,,A,,,,,,,,,,4,,4F0,,Swedish krona/Euro,"ECB reference exchange rate, Swedish krona/Euro, 2:15 pm (C.E.T.)",SEK,0
EXR.D.SEK.EUR.SP00.A,D,SEK,EUR,SP00,A,2022-10-11,11.0015,A,F,,,P1D,,A,,,,,,,,,,4,,4F0,,Swedish krona/Euro,"ECB reference exchange rate, Swedish krona/Euro, 2:15 pm (C.E.T.)",SEK,0
EXR.D.SEK.EUR.SP00.A,D,SEK,EUR,SP00,A,2022-10-12,11.02,A,F,,,P1D,,A,,,,,,,,,,4,,4F0,,Swedish krona/Euro,"ECB reference exchange rate, Swedish krona/Euro, 2:15 pm (C.E.T.)",SEK,0
EXR.D.SEK.EUR.SP00.A,D,SEK,EUR,SP00,A,2022-10-13,11.0098,A,F,,,P1D,,A,,,,,,,,,,4,,4F0,,Swedish krona/Euro,"ECB reference exchange rate, Swedish krona/Euro, 2:15 pm (C.E.T.)",SEK,0
EXR.D.SEK.EUR.SP00.A,D,SEK,EUR,SP00,A,2022-10-14,11.0035,A,F,,,P1D,,A,,,,,,,,,,4,,4F0,,Swedish krona/Euro,"ECB reference exchange rate, Swedish krona/Euro, 2:15 pm (C.E.T.)",SEK,0
EXR.D.SEK.EUR.SP00.A,D,SEK,EUR,SP00,A,2022-10-17,10.9893,A,F,,,P1D,,A,,,,,,,,,,4,,4F0,,Swedish krona/Euro,"ECB reference exchange rate, Swedish krona/Euro, 2:15 pm (C.E.T.)",SEK,0
EXR.D.SEK.EUR.SP00.A,D,SEK,EUR,SP00,A,2022-10-18,10.906,A,F,,,P1D,,A,,,,,,,,,,4,,4F0,,Swedish krona/Euro,"ECB reference exchange rate, Swedish krona/Euro, 2:15 pm (C.E.T.)",SEK,0
EXR.D.SEK.EUR.SP00.A,D,SEK,EUR,SP00,A,2022-10-19,10.9448,A,F,,,P1D,,A,,,,,,,,,,4,,4F0,,Swedish krona/Euro,"ECB reference exchange rate, Swedish krona/Euro, 2:15 pm (C.E.T.)",SEK,0
